{"cameraMode":{"drawMode":0,"name":"Shaded","section":"Shading Mode"},"sceneLighting":true,"audioPlay":false,"sceneViewState":{"m_AlwaysRefresh":false,"showFog":true,"showSkybox":true,"showFlares":true,"showImageEffects":true,"showParticleSystems":true,"showVisualEffectGraphs":true,"m_FxEnabled":true},"in2DMode":false,"pivot":{"x":0.4691929817199707,"y":1.0011366605758668,"z":0.24231627583503724},"rotation":{"x":-0.3381134271621704,"y":0.04429980739951134,"z":-0.015936078503727914,"w":-0.939927875995636},"size":11.336920738220215,"orthographic":false}